<?xml version="1.0" encoding="UTF-8"?>
<modification>
    <id>API</id>
    <version>3.0.2.0</version>
    <vqmver required="true">2.6.0</vqmver>
    <author>vqmod.com</author>

    <file name="catalog/controller/mail/order.php" error="skip">
	    <operation error="skip" info="Edit Order Email">
            <search position="before" index="1"><![CDATA[$mail = new Mail($this->config->get('config_mail_engine'));]]></search>
            <add><![CDATA[
			// API
			$files = glob(DIR_APPLICATION . 'model/extension/api/*.php', GLOB_BRACE);
			
			foreach ($files as $file) {
				$extension = basename($file, '.php');
				
				if (is_file(DIR_APPLICATION . 'model/extension/api/' . $extension . '.php')) {
					$this->load->model('extension/api/api/' . $extension);
					
					if (property_exists($this->{'model_extension_api_' . $extension['code']}, 'edit')) {
						$this->{'model_extension_api_api_' . $extension}->edit($data);
					}
				}
			}
			]]></add>
        </operation>
    </file>
	
	<file name="catalog/controller/mail/order.php" error="skip">
	    <operation error="skip" info="Edit Order Email">
            <search position="before" index="2"><![CDATA[$mail = new Mail($this->config->get('config_mail_engine'));]]></search>
            <add><![CDATA[
			// API
			$files = glob(DIR_APPLICATION . 'model/extension/api/*.php', GLOB_BRACE);
			
			foreach ($files as $file) {
				$extension = basename($file, '.php');
				
				if (is_file(DIR_APPLICATION . 'model/extension/api/' . $extension . '.php')) {
					$this->load->model('extension/api/api/' . $extension);
					
					if (property_exists($this->{'model_extension_api_' . $extension['code']}, 'edit')) {
						$this->{'model_extension_api_api_' . $extension}->edit($data);
					}
				}
			}
			]]></add>
        </operation>
    </file>
	
	<file name="catalog/controller/mail/order.php" error="skip">
	    <operation error="skip" info="Edit Order Email">
            <search position="before" index="3"><![CDATA[$mail = new Mail($this->config->get('config_mail_engine'));]]></search>
            <add><![CDATA[
			// API
			$files = glob(DIR_APPLICATION . 'model/extension/api/*.php', GLOB_BRACE);
			
			foreach ($files as $file) {
				$extension = basename($file, '.php');
				
				if (is_file(DIR_APPLICATION . 'model/extension/api/' . $extension . '.php')) {
					$this->load->model('extension/api/api/' . $extension);
					
					if (property_exists($this->{'model_extension_api_' . $extension['code']}, 'edit')) {
						$this->{'model_extension_api_api_' . $extension}->edit($data);
					}
				}
			}
			]]></add>
        </operation>
    </file>

</modification>